TIMESTAMP,NEE_VUT_REF,Cumulative
20040101,-0.593879,-0.593879
20040102,-0.921481,-1.51536
20040103,-1.30014,-2.8155
20040104,-0.593879,-3.409379
20040105,-0.921481,-4.33086
20040106,-1.30014,-5.631
20040107,-0.593879,-6.224879
20040108,-0.921481,-7.14636
20040109,-1.30014,-8.4465
20040110,-0.593879,-9.040379
20040111,-0.921481,-9.96186
20040112,-1.30014,-11.262
20040113,-0.593879,-11.855879
20040114,-0.921481,-12.77736
20040115,-1.30014,-14.0775
20040116,-0.593879,-14.671379
20040117,-0.921481,-15.59286
20040118,-1.30014,-16.893
20040119,-0.593879,-17.486879
20040120,-0.215223,-17.702102
20040121,-0.215223,-17.917325
20040122,-0.210193,-18.127518
20040123,-1.4803,-19.607818
20040124,-2.63051,-22.238328
20040125,-2.70358,-24.941908
20040126,-2.59701,-27.538918
20040127,-2.4177,-29.956618
20040128,-2.36071,-32.317328
20040129,-2.29263,-34.609958
20040130,-2.57359,-37.183548
20040131,-3.1868,-40.370348
20040201,-3.60335,-43.973698
20040202,-3.12377,-47.097468
20040203,-3.12167,-50.219138
20040204,-3.36937,-53.588508
20040205,-3.30535,-56.893858
20040206,-4.06104,-60.954898
20040207,-4.11858,-65.073478
20040208,-4.03999,-69.113468
20040209,-4.1136,-73.227068
20040210,-3.57738,-76.804448
20040211,-3.50981,-80.314258
20040212,-4.00317,-84.317428
20040213,-4.18524,-88.502668
20040214,-4.23769,-92.740358
20040215,-4.18128,-96.921638
20040216,-3.85176,-100.773398
20040217,-3.46135,-104.234748
20040218,-2.76022,-106.994968
20040219,-3.34934,-110.344308
20040220,-2.42273,-112.767038
20040221,-2.31286,-115.079898
20040222,-2.32982,-117.409718
20040223,-0.744115,-118.153833
20040224,-0.46381,-118.617643
20040225,-0.0707287,-118.6883717
20040226,-0.521377,-119.2097487
20040227,-1.0707,-120.2804487
20040228,-3.44487,-123.7253187
20040229,-1.98402,-125.7093387
20040301,-3.568,-129.2773387
20040302,-4.79619,-134.0735287
20040303,-4.50734,-138.5808687
20040304,-0.880359,-139.4612277
20040305,0.197128,-139.2640997
20040306,0.718909,-138.5451907
20040307,-1.95728,-140.5024707
20040308,-3.19834,-143.7008107
20040309,-4.02349,-147.7243007
20040310,-4.25226,-151.9765607
20040311,-4.94098,-156.9175407
20040312,-1.94901,-158.8665507
20040313,-2.24348,-161.1100307
20040314,-2.32825,-163.4382807
20040315,-2.0953,-165.5335807
20040316,-3.75988,-169.2934607
20040317,-3.48388,-172.7773407
20040318,-2.0819,-174.8592407
20040319,-3.5927,-178.4519407
20040320,-4.79046,-183.2424007
20040321,-3.52763,-186.7700307
20040322,-3.29552,-190.0655507
20040323,-4.38941,-194.4549607
20040324,-3.30367,-197.7586307
20040325,-3.3015,-201.0601307
20040326,-3.21433,-204.2744607
20040327,-2.93414,-207.2086007
20040328,-3.94111,-211.1497107
20040329,-5.28517,-216.4348807
20040330,-2.59829,-219.0331707
20040331,-1.14705,-220.1802207
20040401,-1.04165,-221.2218707
20040402,-0.946747,-222.1686177
20040403,-2.33357,-224.5021877
20040404,-2.98242,-227.4846077
20040405,-2.48428,-229.9688877
20040406,-2.79042,-232.7593077
20040407,-2.71364,-235.4729477
20040408,-2.63573,-238.1086777
20040409,-3.11847,-241.2271477
20040410,-1.48496,-242.7121077
20040411,-2.3222,-245.0343077
20040412,-2.99543,-248.0297377
20040413,-3.12212,-251.1518577
20040414,-3.09445,-254.2463077
20040415,-3.16787,-257.4141777
20040416,-2.47065,-259.8848277
20040417,-2.84901,-262.7338377
20040418,-3.8197,-266.5535377
20040419,-3.46517,-270.0187077
20040420,-2.34769,-272.3663977
20040421,-3.52486,-275.8912577
20040422,-3.75309,-279.6443477
20040423,-3.48393,-283.1282777
20040424,-3.58811,-286.7163877
20040425,-3.29208,-290.0084677
20040426,-0.531074,-290.5395417
20040427,-1.86383,-292.4033717
20040428,-1.73778,-294.1411517
20040429,-1.532,-295.6731517
20040430,-1.57939,-297.2525417
20040501,-1.31189,-298.5644317
20040502,-1.25242,-299.8168517
20040503,-1.57799,-301.3948417
20040504,-1.73262,-303.1274617
20040505,-1.97409,-305.1015517
20040506,-2.02878,-307.1303317
20040507,-1.49268,-308.6230117
20040508,-1.06651,-309.6895217
20040509,-0.564079,-310.2536007
20040510,-0.433185,-310.6867857
20040511,-0.287801,-310.9745867
20040512,0.289133,-310.6854537
20040513,1.06847,-309.6169837
20040514,0.44132,-309.1756637
20040515,0.490912,-308.6847517
20040516,-0.44325,-309.1280017
20040517,-0.297136,-309.4251377
20040518,-0.564097,-309.9892347
20040519,-0.734521,-310.7237557
20040520,-0.814924,-311.5386797
20040521,-0.630638,-312.1693177
20040522,-1.11238,-313.2816977
20040523,0.387994,-312.8937037
20040524,0.00914129,-312.8845624
20040525,-0.26086,-313.1454224
20040526,-0.129882,-313.2753044
20040527,0.172047,-313.1032574
20040528,-0.0275055,-313.1307629
20040529,-0.0834026,-313.2141655
20040530,-0.25304,-313.4672055
20040531,0.13157,-313.3356355
20040601,0.115722,-313.2199135
20040602,-0.0546174,-313.2745309
20040603,-0.166316,-313.4408469
20040604,0.134803,-313.3060439
20040605,0.304126,-313.0019179
20040606,-0.510912,-313.5128299
20040607,-0.527459,-314.0402889
20040608,-0.691976,-314.7322649
20040609,-0.447422,-315.1796869
20040610,-0.549285,-315.7289719
20040611,0.0514924,-315.6774795
20040612,0.174225,-315.5032545
20040613,-0.23101,-315.7342645
20040614,-0.26578,-316.0000445
20040615,-0.484315,-316.4843595
20040616,0.0117256,-316.4726339
20040617,-0.378546,-316.8511799
20040618,-0.185369,-317.0365489
20040619,-0.091369,-317.1279179
20040620,0.0343051,-317.0936128
20040621,1.29554,-315.7980728
20040622,-0.0837131,-315.8817859
20040623,0.0702626,-315.8115233
20040624,0.100765,-315.7107583
20040625,0.082058,-315.6287003
20040626,-0.0148019,-315.6435022
20040627,0.745974,-314.8975282
20040628,0.14528,-314.7522482
20040629,-0.358919,-315.1111672
20040630,-0.293327,-315.4044942
20040701,-0.284671,-315.6891652
20040702,0.164061,-315.5251042
20040703,0.337609,-315.1874952
20040704,0.107215,-315.0802802
20040705,-0.653887,-315.7341672
20040706,-1.14744,-316.8816072
20040707,0.89565,-315.9859572
20040708,-0.0122424,-315.9981996
20040709,-0.30455,-316.3027496
20040710,-0.0245634,-316.327313
20040711,-0.320034,-316.647347
20040712,-0.293562,-316.940909
20040713,0.211551,-316.729358
20040714,-0.200586,-316.929944
20040715,0.103037,-316.826907
20040716,0.254186,-316.572721
20040717,-0.202435,-316.775156
20040718,-0.25443,-317.029586
20040719,-0.153733,-317.183319
20040720,-0.0661245,-317.2494435
20040721,-0.215677,-317.4651205
20040722,-0.352877,-317.8179975
20040723,-0.306785,-318.1247825
20040724,-0.172385,-318.2971675
20040725,0.157392,-318.1397755
20040726,0.409714,-317.7300615
20040727,0.65398,-317.0760815
20040728,1.37941,-315.6966715
20040729,-0.188342,-315.8850135
20040730,-0.373363,-316.2583765
20040731,0.210661,-316.0477155
20040801,0.856541,-315.1911745
20040802,0.367279,-314.8238955
20040803,0.215812,-314.6080835
20040804,0.476598,-314.1314855
20040805,0.450403,-313.6810825
20040806,0.245769,-313.4353135
20040807,0.0382965,-313.397017
20040808,0.183208,-313.213809
20040809,-0.00866753,-313.2224765
20040810,-0.0715414,-313.2940179
20040811,-0.238268,-313.5322859
20040812,-0.373177,-313.9054629
20040813,0.135557,-313.7699059
20040814,-0.395595,-314.1655009
20040815,-0.210835,-314.3763359
20040816,-0.158898,-314.5352339
20040817,0.453239,-314.0819949
20040818,0.392012,-313.6899829
20040819,-0.121264,-313.8112469
20040820,-0.455775,-314.2670219
20040821,-0.426163,-314.6931849
20040822,-0.286659,-314.9798439
20040823,-0.196268,-315.1761119
20040824,-0.403455,-315.5795669
20040825,-0.380811,-315.9603779
20040826,-0.373354,-316.3337319
20040827,-0.115104,-316.4488359
20040828,-0.494028,-316.9428639
20040829,-0.580422,-317.5232859
20040830,-0.156989,-317.6802749
20040831,0.0120308,-317.6682441
20040901,0.0208146,-317.6474295
20040902,-0.151184,-317.7986135
20040903,0.0468347,-317.7517788
20040904,-0.0290705,-317.7808493
20040905,0.327549,-317.4533003
20040906,0.135347,-317.3179533
20040907,0.207446,-317.1105073
20040908,0.0178647,-317.0926426
20040909,0.281554,-316.8110886
20040910,1.17473,-315.6363586
20040911,0.116823,-315.5195356
20040912,0.363492,-315.1560436
20040913,0.061642,-315.0944016
20040914,0.138969,-314.9554326
20040915,0.155196,-314.8002366
20040916,0.0536335,-314.7466031
20040917,0.404317,-314.3422861
20040918,0.176234,-314.1660521
20040919,-0.0673263,-314.2333784
20040920,-0.159405,-314.3927834
20040921,0.255886,-314.1368974
20040922,0.542543,-313.5943544
20040923,0.345484,-313.2488704
20040924,0.357497,-312.8913734
20040925,0.192308,-312.6990654
20040926,0.248771,-312.4502944
20040927,0.397812,-312.0524824
20040928,0.574607,-311.4778754
20040929,0.365495,-311.1123804
20040930,0.304273,-310.8081074
20041001,0.686643,-310.1214644
20041002,0.409111,-309.7123534
20041003,0.277373,-309.4349804
20041004,0.455352,-308.9796284
20041005,0.302677,-308.6769514
20041006,0.386644,-308.2903074
20041007,0.451679,-307.8386284
20041008,0.274678,-307.5639504
20041009,0.2262,-307.3377504
20041010,0.15322,-307.1845304
20041011,0.270796,-306.9137344
20041012,-0.44774,-307.3614744
20041013,-0.396775,-307.7582494
20041014,-0.554236,-308.3124854
20041015,-0.371036,-308.6835214
20041016,-2.06311,-310.7466314
20041017,-1.24162,-311.9882514
20041018,0.364235,-311.6240164
20041019,-1.23385,-312.8578664
20041020,-0.134188,-312.9920544
20041021,0.603251,-312.3888034
20041022,0.307705,-312.0810984
20041023,0.439121,-311.6419774
20041024,0.00942688,-311.6325506
20041025,0.28661,-311.3459406
20041026,1.24011,-310.1058306
20041027,2.44335,-307.6624806
20041028,0.236797,-307.4256836
20041029,-0.25466,-307.6803436
20041030,-0.9165,-308.5968436
20041031,0.398122,-308.1987216
20041101,-0.158782,-308.3575036
20041102,0.154905,-308.2025986
20041103,-0.53057,-308.7331686
20041104,-0.550895,-309.2840636
20041105,-1.20939,-310.4934536
20041106,-0.96382,-311.4572736
20041107,-1.38235,-312.8396236
20041108,-1.61357,-314.4531936
20041109,-1.80709,-316.2602836
20041110,-2.15368,-318.4139636
20041111,-0.33919,-318.7531536
20041112,-1.73364,-320.4867936
20041113,-1.27679,-321.7635836
20041114,-3.58248,-325.3460636
20041115,-3.17682,-328.5228836
20041116,-1.72731,-330.2501936
20041117,-2.79624,-333.0464336
20041118,-3.99792,-337.0443536
20041119,-4.93398,-341.9783336
20041120,-1.79696,-343.7752936
20041121,-6.28533,-350.0606236
20041122,4.88375,-345.1768736
20041123,2.83241,-342.3444636
20041124,6.41828,-335.9261836
20041125,-5.68636,-341.6125436
20041126,-2.12701,-343.7395536
20041127,-2.64377,-346.3833236
20041128,-3.18015,-349.5634736
20041129,-0.174986,-349.7384596
20041130,3.96367,-345.7747896
20041201,-0.489089,-346.2638786
20041202,-3.15329,-349.4171686
20041203,-2.30577,-351.7229386
20041204,-3.24754,-354.9704786
20041205,0.724866,-354.2456126
20041206,-1.96698,-356.2125926
20041207,2.20676,-354.0058326
20041208,9.09166,-344.9141726
20041209,1.54216,-343.3720126
20041210,-3.14784,-346.5198526
20041211,-1.51543,-348.0352826
20041212,-2.71543,-350.7507126
20041213,-2.85106,-353.6017726
20041214,-0.546989,-354.1487616
20041215,-1.35023,-355.4989916
20041216,-1.67772,-357.1767116
20041217,-1.88675,-359.0634616
20041218,-4.08452,-363.1479816
20041219,-6.0326,-369.1805816
20041220,-1.65264,-370.8332216
20041221,-2.93831,-373.7715316
20041222,-1.44396,-375.2154916
20041223,-2.44779,-377.6632816
20041224,-5.90226,-383.5655416
20041225,-4.96658,-388.5321216
20041226,-4.42758,-392.9597016
20041227,-3.39949,-396.3591916
20041228,-5.25155,-401.6107416
20041229,-2.94322,-404.5539616
20041230,-6.12036,-410.6743216
20041231,-7.90262,-418.5769416
20050101,-6.39162,-424.9685616
20050102,-5.58605,-430.5546116
20050103,-3.92077,-434.4753816
20050104,-2.2553,-436.7306816
20050105,-3.44102,-440.1717016
20050106,-6.57989,-446.7515916
20050107,-4.75454,-451.5061316
20050108,-3.34582,-454.8519516
20050109,-2.69678,-457.5487316
20050110,-6.23099,-463.7797216
20050111,0.00882623,-463.7708953
20050112,-2.57194,-466.3428353
20050113,-5.19344,-471.5362753
20050114,2.20523,-469.3310453
20050115,-4.18964,-473.5206853
20050116,-0.40619,-473.9268753
20050117,1.46602,-472.4608553
20050118,-5.39773,-477.8585853
20050119,-5.75033,-483.6089153
20050120,-2.06294,-485.6718553
20050121,-5.90211,-491.5739653
20050122,-8.28098,-499.8549453
20050123,-6.1016,-505.9565453
20050124,-2.92757,-508.8841153
20050125,-2.61188,-511.4959953
20050126,-4.78141,-516.2774053
20050127,-5.03894,-521.3163453
20050128,-1.27045,-522.5867953
20050129,-3.95796,-526.5447553
20050130,-5.016,-531.5607553
20050131,-1.61196,-533.1727153
20050201,-3.7197,-536.8924153
20050202,-3.23308,-540.1254953
20050203,-1.37365,-541.4991453
20050204,2.03244,-539.4667053
20050205,-4.57693,-544.0436353
20050206,-2.07354,-546.1171753
20050207,1.48372,-544.6334553
20050208,1.57226,-543.0611953
20050209,-2.76787,-545.8290653
20050210,1.52433,-544.3047353
20050211,1.05311,-543.2516253
20050212,-1.36404,-544.6156653
20050213,0.136515,-544.4791503
20050214,-0.977168,-545.4563183
20050215,-0.700112,-546.1564303
20050216,-0.514999,-546.6714293
20050217,0.145478,-546.5259513
20050218,0.539006,-545.9869453
20050219,-1.2073,-547.1942453
20050220,-2.87034,-550.0645853
20050221,-0.61379,-550.6783753
20050222,0.457721,-550.2206543
20050223,-0.207999,-550.4286533
20050224,0.334746,-550.0939073
20050225,0.374456,-549.7194513
20050226,-0.701349,-550.4208003
20050227,-1.07243,-551.4932303
20050228,0.805596,-550.6876343
20050301,0.173028,-550.5146063
20050302,-0.180617,-550.6952233
20050303,-0.0207903,-550.7160136
20050304,-1.28271,-551.9987236
20050305,-0.998677,-552.9974006
20050306,-1.23598,-554.2333806
20050307,-0.128397,-554.3617776
20050308,1.25262,-553.1091576
20050309,0.123033,-552.9861246
20050310,-0.321427,-553.3075516
20050311,2.58677,-550.7207816
20050312,-0.432668,-551.1534496
20050313,-0.818073,-551.9715226
20050314,-0.632421,-552.6039436
20050315,-0.891079,-553.4950226
20050316,-0.178813,-553.6738356
20050317,-0.647895,-554.3217306
20050318,-1.27444,-555.5961706
20050319,-1.05399,-556.6501606
20050320,-2.08702,-558.7371806
20050321,-2.26631,-561.0034906
20050322,-1.02801,-562.0315006
20050323,-0.57149,-562.6029906
20050324,-1.38241,-563.9854006
20050325,-3.43407,-567.4194706
20050326,-1.84811,-569.2675806
20050327,-2.14685,-571.4144306
20050328,-2.36056,-573.7749906
20050329,-1.88896,-575.6639506
20050330,-7.37329,-583.0372406
20050331,-10.4481,-593.4853406
20050401,-7.08774,-600.5730806
20050402,-6.77573,-607.3488106
20050403,-1.61971,-608.9685206
20050404,-7.56993,-616.5384506
20050405,-4.89863,-621.4370806
20050406,-1.97605,-623.4131306
20050407,-1.74328,-625.1564106
20050408,1.09942,-624.0569906
20050409,-0.890408,-624.9473986
20050410,-0.170927,-625.1183256
20050411,1.11496,-624.0033656
20050412,1.42822,-622.5751456
20050413,-0.368035,-622.9431806
20050414,0.160583,-622.7825976
20050415,0.165749,-622.6168486
20050416,0.939938,-621.6769106
20050417,4.43536,-617.2415506
20050418,5.19404,-612.0475106
20050419,3.35331,-608.6942006
20050420,1.94088,-606.7533206
20050421,2.46644,-604.2868806
20050422,1.19189,-603.0949906
20050423,1.98349,-601.1115006
20050424,3.153,-597.9585006
20050425,2.0186,-595.9399006
20050426,3.06435,-592.8755506
20050427,2.5683,-590.3072506
20050428,3.16777,-587.1394806
20050429,2.6711,-584.4683806
20050430,2.76671,-581.7016706
20050501,1.97233,-579.7293406
20050502,2.63273,-577.0966106
20050503,1.57006,-575.5265506
20050504,1.84565,-573.6809006
20050505,1.35644,-572.3244606
20050506,1.00322,-571.3212406
20050507,0.652792,-570.6684486
20050508,0.928522,-569.7399266
20050509,0.94292,-568.7970066
20050510,0.798293,-567.9987136
20050511,1.39646,-566.6022536
20050512,1.20908,-565.3931736
20050513,0.88901,-564.5041636
20050514,0.714661,-563.7895026
20050515,0.823195,-562.9663076
20050516,0.630294,-562.3360136
20050517,0.328316,-562.0076976
20050518,0.52032,-561.4873776
20050519,0.15239,-561.3349876
20050520,1.20591,-560.1290776
20050521,0.595327,-559.5337506
20050522,0.549597,-558.9841536
20050523,0.0094529,-558.9747007
20050524,0.125485,-558.8492157
20050525,0.139313,-558.7099027
20050526,-0.00806435,-558.7179671
20050527,-0.169482,-558.8874491
20050528,-0.019318,-558.9067671
20050529,0.240719,-558.6660481
20050530,-0.107409,-558.7734571
20050531,0.225335,-558.5481221
20050601,0.271128,-558.2769941
20050602,0.0069889,-558.2700052
20050603,0.29248,-557.9775252
20050604,0.183852,-557.7936732
20050605,0.820204,-556.9734692
20050606,0.317598,-556.6558712
20050607,0.404597,-556.2512742
20050608,0.153955,-556.0973192
20050609,0.500463,-555.5968562
20050610,0.673441,-554.9234152
20050611,0.280524,-554.6428912
20050612,0.778972,-553.8639192
20050613,0.378034,-553.4858852
20050614,0.219581,-553.2663042
20050615,0.26112,-553.0051842
20050616,0.840665,-552.1645192
20050617,0.250337,-551.9141822
20050618,0.797712,-551.1164702
20050619,0.658384,-550.4580862
20050620,0.46997,-549.9881162
20050621,0.541042,-549.4470742
20050622,0.317723,-549.1293512
20050623,0.343092,-548.7862592
20050624,0.342172,-548.4440872
20050625,0.891002,-547.5530852
20050626,0.365956,-547.1871292
20050627,0.355838,-546.8312912
20050628,0.325604,-546.5056872
20050629,0.365895,-546.1397922
20050630,0.630768,-545.5090242
20050701,0.753825,-544.7551992
20050702,0.322176,-544.4330232
20050703,0.420197,-544.0128262
20050704,0.223212,-543.7896142
20050705,0.238901,-543.5507132
20050706,0.0415275,-543.5091857
20050707,0.184748,-543.3244377
20050708,0.280238,-543.0441997
20050709,0.0197746,-543.0244251
20050710,0.0876042,-542.9368209
20050711,-0.0147713,-542.9515922
20050712,0.0638545,-542.8877377
20050713,0.0995499,-542.7881878
20050714,0.10161,-542.6865778
20050715,-0.128865,-542.8154428
20050716,0.0252449,-542.7901979
20050717,-0.0913736,-542.8815715
20050718,0.262805,-542.6187665
20050719,0.0538675,-542.564899
20050720,0.153347,-542.411552
20050721,0.0244641,-542.3870879
20050722,0.263191,-542.1238969
20050723,0.69374,-541.4301569
20050724,0.448859,-540.9812979
20050725,0.331032,-540.6502659
20050726,0.11526,-540.5350059
20050727,0.347237,-540.1877689
20050728,0.340107,-539.8476619
20050729,0.649202,-539.1984599
20050730,0.52964,-538.6688199
20050731,0.365782,-538.3030379
20050801,0.342956,-537.9600819
20050802,0.476364,-537.4837179
20050803,0.259098,-537.2246199
20050804,0.405146,-536.8194739
20050805,0.499658,-536.3198159
20050806,0.538066,-535.7817499
20050807,0.485172,-535.2965779
20050808,0.409806,-534.8867719
20050809,0.435558,-534.4512139
20050810,0.537933,-533.9132809
20050811,0.387178,-533.5261029
20050812,0.299612,-533.2264909
20050813,0.733182,-532.4933089
20050814,0.282132,-532.2111769
20050815,0.501467,-531.7097099
20050816,0.351373,-531.3583369
20050817,0.437653,-530.9206839
20050818,-0.00217294,-530.9228568
20050819,0.376516,-530.5463408
20050820,0.454068,-530.0922728
20050821,0.255352,-529.8369208
20050822,0.333379,-529.5035418
20050823,0.438993,-529.0645488
20050824,0.220784,-528.8437648
20050825,0.416771,-528.4269938
20050826,0.483618,-527.9433758
20050827,0.206759,-527.7366168
20050828,0.609581,-527.1270358
20050829,0.397951,-526.7290848
20050830,0.445665,-526.2834198
20050831,0.845782,-525.4376378
20050901,0.682145,-524.7554928
20050902,0.63233,-524.1231628
20050903,0.294826,-523.8283368
20050904,0.383875,-523.4444618
20050905,0.459847,-522.9846148
20050906,0.384191,-522.6004238
20050907,0.328621,-522.2718028
20050908,0.371885,-521.8999178
20050909,0.412828,-521.4870898
20050910,0.406663,-521.0804268
20050911,0.432776,-520.6476508
20050912,0.658141,-519.9895098
20050913,0.338531,-519.6509788
20050914,0.479471,-519.1715078
20050915,0.386313,-518.7851948
20050916,0.496641,-518.2885538
20050917,0.591883,-517.6966708
20050918,0.380957,-517.3157138
20050919,0.537076,-516.7786378
20050920,0.650101,-516.1285368
20050921,0.395044,-515.7334928
20050922,0.267962,-515.4655308
20050923,0.489173,-514.9763578
20050924,0.526156,-514.4502018
20050925,0.597944,-513.8522578
20050926,0.459552,-513.3927058
20050927,0.896025,-512.4966808
20050928,0.506158,-511.9905228
20050929,0.308516,-511.6820068
20050930,0.579416,-511.1025908
20051001,0.598968,-510.5036228
20051002,0.369939,-510.1336838
20051003,0.580239,-509.5534448
20051004,0.466453,-509.0869918
20051005,0.198257,-508.8887348
20051006,0.377588,-508.5111468
20051007,0.764628,-507.7465188
20051008,0.414531,-507.3319878
20051009,0.50858,-506.8234078
20051010,0.345777,-506.4776308
20051011,0.488987,-505.9886438
20051012,0.631881,-505.3567628
20051013,0.456193,-504.9005698
20051014,0.505894,-504.3946758
20051015,0.508983,-503.8856928
20051016,0.490598,-503.3950948
20051017,0.440046,-502.9550488
20051018,0.594317,-502.3607318
20051019,0.696773,-501.6639588
20051020,1.68118,-499.9827788
20051021,0.376492,-499.6062868
20051022,0.454871,-499.1514158
20051023,0.783615,-498.3678008
20051024,0.565621,-497.8021798
20051025,0.502508,-497.2996718
20051026,0.553084,-496.7465878
20051027,0.485434,-496.2611538
20051028,0.580377,-495.6807768
20051029,0.757177,-494.9235998
20051030,0.993353,-493.9302468
20051031,0.551927,-493.3783198
20051101,1.77429,-491.6040298
20051102,1.44115,-490.1628798
20051103,1.32885,-488.8340298
20051104,0.900872,-487.9331578
20051105,0.675927,-487.2572308
20051106,1.14941,-486.1078208
20051107,0.592456,-485.5153648
20051108,1.76485,-483.7505148
20051109,2.68154,-481.0689748
20051110,2.60368,-478.4652948
20051111,1.16548,-477.2998148
20051112,1.9782,-475.3216148
20051113,1.99171,-473.3299048
20051114,1.84833,-471.4815748
20051115,1.73509,-469.7464848
20051116,1.54601,-468.2004748
20051117,0.989398,-467.2110768
20051118,1.82086,-465.3902168
20051119,2.06356,-463.3266568
20051120,1.20011,-462.1265468
20051121,0.566489,-461.5600578
20051122,0.0269619,-461.5330959
20051123,0.211221,-461.3218749
20051124,0.0979851,-461.2238898
20051125,-0.262652,-461.4865418
20051126,0.850652,-460.6358898
20051127,0.0342958,-460.601594
20051128,-1.76512,-462.366714
20051129,-1.95016,-464.316874
20051130,-2.35431,-466.671184
20051201,-0.0663547,-466.7375387
20051202,-1.75376,-468.4912987
20051203,-1.32266,-469.8139587
20051204,0.139865,-469.6740937
20051205,-1.52691,-471.2010037
20051206,-1.40974,-472.6107437
20051207,-0.331281,-472.9420247
20051208,-2.0456,-474.9876247
20051209,-0.324617,-475.3122417
20051210,0.231225,-475.0810167
20051211,0.481314,-474.5997027
20051212,-1.61119,-476.2108927
20051213,-0.347095,-476.5579877
20051214,-1.4713,-478.0292877
20051215,-1.49013,-479.5194177
20051216,0.0299564,-479.4894613
20051217,-0.299874,-479.7893353
20051218,0.297301,-479.4920343
20051219,0.128421,-479.3636133
20051220,-0.0152824,-479.3788957
20051221,-0.0170123,-479.395908
20051222,-0.0409698,-479.4368778
20051223,0.018704,-479.4181738
20051224,-0.228863,-479.6470368
20051225,-0.168572,-479.8156088
20051226,0.0586583,-479.7569505
20051227,-0.223859,-479.9808095
20051228,-0.103393,-480.0842025
20051229,-0.0915296,-480.1757321
20051230,-0.114097,-480.2898291
20051231,-0.365205,-480.6550341
20060101,0.0899374,-480.5650967
20060102,-0.0836785,-480.6487752
20060103,-0.0428226,-480.6915978
20060104,0.0899374,-480.6016604
20060105,-0.0836785,-480.6853389
20060106,-0.0428226,-480.7281615
20060107,0.0899374,-480.6382241
20060108,-0.0836785,-480.7219026
20060109,-0.0428226,-480.7647252
20060110,0.0899374,-480.6747878
20060111,-0.0836785,-480.7584663
20060112,-0.0428226,-480.8012889
20060113,0.0899374,-480.7113515
20060114,-0.0836785,-480.79503
20060115,-0.0428226,-480.8378526
20060116,0.0899374,-480.7479152
20060117,-0.0836785,-480.8315937
20060118,-0.0428226,-480.8744163
20060119,0.0899374,-480.7844789
20060120,-0.0836785,-480.8681574
20060121,-0.0428226,-480.91098
20060122,0.0899374,-480.8210426
20060123,-0.0836785,-480.9047211
20060124,-0.0428226,-480.9475437
20060125,0.0899374,-480.8576063
20060126,-0.0836785,-480.9412848
20060127,-0.0428226,-480.9841074
20060128,0.0899374,-480.89417
20060129,-0.0836785,-480.9778485
20060130,-0.0428226,-481.0206711
20060131,0.0899374,-480.9307337
20060201,-0.0836785,-481.0144122
20060202,-0.0428226,-481.0572348
20060203,0.0899374,-480.9672974
20060204,-0.0836785,-481.0509759
20060205,-0.0428226,-481.0937985
20060206,0.0899374,-481.0038611
20060207,-0.0836785,-481.0875396
20060208,-0.0428226,-481.1303622
20060209,0.0899374,-481.0404248
20060210,-0.0836785,-481.1241033
20060211,-0.0428226,-481.1669259
20060212,0.0899374,-481.0769885
20060213,-0.0836785,-481.160667
20060214,-0.0428226,-481.2034896
20060215,0.0899374,-481.1135522
20060216,-0.0836785,-481.1972307
20060217,-0.0428226,-481.2400533
20060218,0.0899374,-481.1501159
20060219,-0.0836785,-481.2337944
20060220,-0.0428226,-481.276617
20060221,0.0899374,-481.1866796
20060222,-0.0836785,-481.2703581
20060223,-0.0428226,-481.3131807
20060224,0.0899374,-481.2232433
20060225,-0.0836785,-481.3069218
20060226,-0.0428226,-481.3497444
20060227,0.0899374,-481.259807
20060228,-0.0836785,-481.3434855
20060301,-0.0428226,-481.3863081
20060302,0.0899374,-481.2963707
20060303,-0.0836785,-481.3800492
20060304,-0.0428226,-481.4228718
20060305,0.0899374,-481.3329344
20060306,-0.0836785,-481.4166129
20060307,-0.0428226,-481.4594355
20060308,0.0899374,-481.3694981
20060309,-0.0836785,-481.4531766
20060310,-0.0428226,-481.4959992
20060311,0.0899374,-481.4060618
20060312,-0.0836785,-481.4897403
20060313,-0.0428226,-481.5325629
20060314,0.0899374,-481.4426255
20060315,-0.0836785,-481.526304
20060316,-0.0428226,-481.5691266
20060317,0.0899374,-481.4791892
20060318,-0.0836785,-481.5628677
20060319,-0.0428226,-481.6056903
20060320,0.0899374,-481.5157529
20060321,-0.0836785,-481.5994314
20060322,-0.0428226,-481.642254
20060323,0.0899374,-481.5523166
20060324,-0.0836785,-481.6359951
20060325,-0.0428226,-481.6788177
20060326,0.0899374,-481.5888803
20060327,-0.0836785,-481.6725588
20060328,-0.0428226,-481.7153814
20060329,0.0899374,-481.625444
20060330,-0.0836785,-481.7091225
20060331,-0.0428226,-481.7519451
20060401,0.0899374,-481.6620077
20060402,-0.0836785,-481.7456862
20060403,-0.0428226,-481.7885088
20060404,0.0899374,-481.6985714
20060405,-0.0836785,-481.7822499
20060406,-0.0428226,-481.8250725
20060407,0.0899374,-481.7351351
20060408,-0.0836785,-481.8188136
20060409,-0.0428226,-481.8616362
20060410,0.0899374,-481.7716988
20060411,-0.0836785,-481.8553773
20060412,-0.0428226,-481.8981999
20060413,0.0899374,-481.8082625
20060414,-0.0836785,-481.891941
20060415,-0.0428226,-481.9347636
20060416,0.0899374,-481.8448262
20060417,-0.0836785,-481.9285047
20060418,-0.0428226,-481.9713273
20060419,0.0899374,-481.8813899
20060420,-0.0836785,-481.9650684
20060421,-0.0428226,-482.007891
20060422,0.0899374,-481.9179536
20060423,-0.0836785,-482.0016321
20060424,-0.0428226,-482.0444547
20060425,0.0899374,-481.9545173
20060426,-0.0836785,-482.0381958
20060427,-0.0428226,-482.0810184
20060428,0.0899374,-481.991081
20060429,-0.0836785,-482.0747595
20060430,-0.0428226,-482.1175821
20060501,0.0899374,-482.0276447
20060502,-0.0836785,-482.1113232
20060503,-0.0428226,-482.1541458
20060504,0.0899374,-482.0642084
20060505,-0.0836785,-482.1478869
20060506,-0.0428226,-482.1907095
20060507,0.0899374,-482.1007721
20060508,-0.0836785,-482.1844506
20060509,-0.0428226,-482.2272732
20060510,0.0899374,-482.1373358
20060511,-0.0836785,-482.2210143
20060512,-0.0428226,-482.2638369
20060513,0.450813,-481.8130239
20060514,1.32977,-480.4832539
20060515,1.36256,-479.1206939
20060516,1.62377,-477.4969239
20060517,1.30946,-476.1874639
20060518,1.64841,-474.5390539
20060519,1.80936,-472.7296939
20060520,1.31675,-471.4129439
20060521,1.64841,-469.7645339
20060522,1.80936,-467.9551739
20060523,1.31675,-466.6384239
20060524,1.64841,-464.9900139
20060525,1.80936,-463.1806539
20060526,1.31675,-461.8639039
20060527,1.64841,-460.2154939
20060528,1.80936,-458.4061339
20060529,1.31675,-457.0893839
20060530,1.64841,-455.4409739
20060531,1.80936,-453.6316139
20060601,1.31675,-452.3148639
20060602,1.64841,-450.6664539
20060603,1.80936,-448.8570939
20060604,1.31675,-447.5403439
20060605,1.64841,-445.8919339
20060606,1.80936,-444.0825739
20060607,1.31675,-442.7658239
20060608,1.64841,-441.1174139
20060609,1.80936,-439.3080539
20060610,1.31675,-437.9913039
20060611,1.64841,-436.3428939
20060612,1.80936,-434.5335339
20060613,1.31675,-433.2167839
20060614,1.64841,-431.5683739
20060615,1.80936,-429.7590139
20060616,1.31675,-428.4422639
20060617,1.64841,-426.7938539
20060618,1.80936,-424.9844939
20060619,1.31675,-423.6677439
20060620,1.64841,-422.0193339
20060621,1.80936,-420.2099739
20060622,1.31675,-418.8932239
20060623,1.64841,-417.2448139
20060624,1.80936,-415.4354539
20060625,1.31675,-414.1187039
20060626,1.64841,-412.4702939
20060627,1.80936,-410.6609339
20060628,1.31675,-409.3441839
20060629,1.64841,-407.6957739
20060630,1.80936,-405.8864139
20060701,1.31675,-404.5696639
20060702,1.64841,-402.9212539
20060703,1.80936,-401.1118939
20060704,1.31675,-399.7951439
20060705,1.64841,-398.1467339
20060706,1.80936,-396.3373739
20060707,1.31675,-395.0206239
20060708,1.64841,-393.3722139
20060709,1.80936,-391.5628539
20060710,1.31675,-390.2461039
20060711,1.64841,-388.5976939
20060712,1.80936,-386.7883339
20060713,1.31675,-385.4715839
20060714,1.64841,-383.8231739
20060715,1.80936,-382.0138139
20060716,1.31675,-380.6970639
20060717,1.64841,-379.0486539
20060718,1.80936,-377.2392939
20060719,1.31675,-375.9225439
20060720,1.64841,-374.2741339
20060721,1.80936,-372.4647739
20060722,1.31675,-371.1480239
20060723,1.64841,-369.4996139
20060724,1.80936,-367.6902539
20060725,1.31675,-366.3735039
20060726,1.64841,-364.7250939
20060727,1.80936,-362.9157339
20060728,1.31675,-361.5989839
20060729,1.64841,-359.9505739
20060730,1.80936,-358.1412139
20060731,1.31675,-356.8244639
20060801,1.64841,-355.1760539
20060802,1.80936,-353.3666939
20060803,1.31675,-352.0499439
20060804,1.64841,-350.4015339
20060805,1.80936,-348.5921739
20060806,1.31675,-347.2754239
20060807,1.64841,-345.6270139
20060808,1.80936,-343.8176539
20060809,1.31675,-342.5009039
20060810,1.64841,-340.8524939
20060811,1.80936,-339.0431339
20060812,1.31675,-337.7263839
20060813,1.64841,-336.0779739
20060814,1.80936,-334.2686139
20060815,1.31675,-332.9518639
20060816,1.64841,-331.3034539
20060817,1.80936,-329.4940939
20060818,1.31675,-328.1773439
20060819,1.64841,-326.5289339
20060820,1.80936,-324.7195739
20060821,1.31675,-323.4028239
20060822,1.64841,-321.7544139
20060823,1.80936,-319.9450539
20060824,1.31675,-318.6283039
20060825,1.64841,-316.9798939
20060826,1.80936,-315.1705339
20060827,1.31675,-313.8537839
20060828,1.64841,-312.2053739
20060829,1.80936,-310.3960139
20060830,1.31675,-309.0792639
20060831,1.64841,-307.4308539
20060901,1.80936,-305.6214939
20060902,1.31675,-304.3047439
20060903,1.64841,-302.6563339
20060904,1.80936,-300.8469739
20060905,1.31675,-299.5302239
20060906,1.64841,-297.8818139
20060907,1.80936,-296.0724539
20060908,1.31675,-294.7557039
20060909,1.64841,-293.1072939
20060910,1.80936,-291.2979339
20060911,1.31675,-289.9811839
20060912,1.64841,-288.3327739
20060913,1.80936,-286.5234139
20060914,1.31675,-285.2066639
20060915,1.64841,-283.5582539
20060916,1.80936,-281.7488939
20060917,1.31675,-280.4321439
20060918,1.64841,-278.7837339
20060919,1.80936,-276.9743739
20060920,1.31675,-275.6576239
20060921,1.64841,-274.0092139
20060922,1.80936,-272.1998539
20060923,1.31675,-270.8831039
20060924,1.64841,-269.2346939
20060925,1.80936,-267.4253339
20060926,1.36462,-266.0607139
20060927,1.70428,-264.3564339
20060928,1.75705,-262.5993839
20060929,1.23041,-261.3689739
20060930,1.3697,-259.9992739
20061001,2.05836,-257.9409139
20061002,2.00179,-255.9391239
20061003,1.29335,-254.6457739
20061004,1.98968,-252.6560939
20061005,3.58027,-249.0758239
20061006,3.59485,-245.4809739
20061007,3.22897,-242.2520039
20061008,1.81565,-240.4363539
20061009,0.463806,-239.9725479
20061010,0.205202,-239.7673459
20061011,-0.702638,-240.4699839
20061012,-0.202003,-240.6719869
20061013,0.519128,-240.1528589
20061014,0.73408,-239.4187789
20061015,1.04691,-238.3718689
20061016,1.11381,-237.2580589
20061017,1.43979,-235.8182689
20061018,1.7367,-234.0815689
20061019,1.72567,-232.3558989
20061020,2.47264,-229.8832589
20061021,1.32625,-228.5570089
20061022,1.22933,-227.3276789
20061023,0.992634,-226.3350449
20061024,1.67521,-224.6598349
20061025,1.07294,-223.5868949
20061026,1.71015,-221.8767449
20061027,0.871151,-221.0055939
20061028,1.65533,-219.3502639
20061029,2.30083,-217.0494339
20061030,2.01056,-215.0388739
20061031,1.16407,-213.8748039
20061101,0.809603,-213.0652009
20061102,2.43811,-210.6270909
20061103,1.34297,-209.2841209
20061104,2.12354,-207.1605809
20061105,1.77257,-205.3880109
20061106,2.78033,-202.6076809
20061107,2.1344,-200.4732809
20061108,2.05451,-198.4187709
20061109,2.23174,-196.1870309
20061110,2.49008,-193.6969509
20061111,2.73964,-190.9573109
20061112,2.89684,-188.0604709
20061113,2.69924,-185.3612309
20061114,2.78707,-182.5741609
20061115,2.50993,-180.0642309
20061116,2.69924,-177.3649909
20061117,2.78707,-174.5779209
20061118,2.54656,-172.0313609
20061119,2.61767,-169.4136909
20061120,2.57479,-166.8389009
20061121,2.38187,-164.4570309
20061122,0.97037,-163.4866609
20061123,0.816607,-162.6700539
20061124,1.4377,-161.2323539
20061125,0.482267,-160.7500869
20061126,0.486243,-160.2638439
20061127,1.4377,-158.8261439
20061128,0.482267,-158.3438769
20061129,0.486243,-157.8576339
20061130,1.1398,-156.7178339
20061201,0.710602,-156.0072319
20061202,0.498016,-155.5092159
20061203,1.66347,-153.8457459
20061204,-0.025108,-153.8708539
20061205,0.635637,-153.2352169
20061206,0.708516,-152.5267009
20061207,0.427137,-152.0995639
20061208,0.568188,-151.5313759
20061209,0.706526,-150.8248499
20061210,0.896052,-149.9287979
20061211,1.08014,-148.8486579
20061212,0.665828,-148.1828299
20061213,0.0885398,-148.0942901
20061214,-0.136333,-148.2306231
20061215,0.374702,-147.8559211
20061216,0.414943,-147.4409781
20061217,0.602331,-146.8386471
20061218,1.5449,-145.2937471
20061219,0.985886,-144.3078611
20061220,0.92272,-143.3851411
20061221,1.58893,-141.7962111
20061222,1.29293,-140.5032811
20061223,1.05246,-139.4508211
20061224,1.10218,-138.3486411
20061225,0.404084,-137.9445571
20061226,0.470157,-137.4744001
20061227,0.988624,-136.4857761
20061228,0.676816,-135.8089601
20061229,0.469648,-135.3393121
20061230,-0.149889,-135.4892011
20061231,2.15573,-133.3334711
20070101,0.612054,-132.7214171
20070102,0.263229,-132.4581881
20070103,-0.630906,-133.0890941
20070104,-0.783019,-133.8721131
20070105,-1.09737,-134.9694831
20070106,-1.83243,-136.8019131
20070107,-2.33705,-139.1389631
20070108,-0.349823,-139.4887861
20070109,-0.391939,-139.8807251
20070110,-0.29168,-140.1724051
20070111,-1.52661,-141.6990151
20070112,-1.34372,-143.0427351
20070113,-0.672359,-143.7150941
20070114,0.574885,-143.1402091
20070115,-0.136111,-143.2763201
20070116,-0.230515,-143.5068351
20070117,0.693949,-142.8128861
20070118,0.582798,-142.2300881
20070119,0.353881,-141.8762071
20070120,-0.624736,-142.5009431
20070121,0.543921,-141.9570221
20070122,-1.63242,-143.5894421
20070123,-1.18196,-144.7714021
20070124,-0.501749,-145.2731511
20070125,-0.689148,-145.9622991
20070126,-0.983507,-146.9458061
20070127,0.905196,-146.0406101
20070128,-0.102706,-146.1433161
20070129,-0.060223,-146.2035391
20070130,-0.60473,-146.8082691
20070131,0.167166,-146.6411031
20070201,-0.464918,-147.1060211
20070202,-0.0426384,-147.1486595
20070203,0.187182,-146.9614775
20070204,-0.00698325,-146.9684608
20070205,-0.0701876,-147.0386484
20070206,-1.10065,-148.1392984
20070207,-0.558807,-148.6981054
20070208,-0.608543,-149.3066484
20070209,-1.10425,-150.4108984
20070210,-1.05473,-151.4656284
20070211,-0.668542,-152.1341704
20070212,0.290029,-151.8441414
20070213,0.216134,-151.6280074
20070214,0.451767,-151.1762404
20070215,0.0667701,-151.1094703
20070216,0.954204,-150.1552663
20070217,1.11172,-149.0435463
20070218,1.62185,-147.4216963
20070219,2.40474,-145.0169563
20070220,2.04184,-142.9751163
20070221,1.84872,-141.1263963
20070222,2.03298,-139.0934163
20070223,1.64281,-137.4506063
20070224,2.42397,-135.0266363
20070225,0.559342,-134.4672943
20070226,3.26056,-131.2067343
20070227,1.06143,-130.1453043
20070228,0.171412,-129.9738923
20070301,0.860105,-129.1137873
20070302,0.701713,-128.4120743
20070303,1.25415,-127.1579243
20070304,2.086,-125.0719243
20070305,1.30594,-123.7659843
20070306,0.520549,-123.2454353
20070307,1.76891,-121.4765253
20070308,2.61927,-118.8572553
20070309,2.77758,-116.0796753
20070310,2.33964,-113.7400353
20070311,0.983694,-112.7563413
20070312,1.3137,-111.4426413
20070313,1.54452,-109.8981213
20070314,0.742023,-109.1560983
20070315,1.06181,-108.0942883
20070316,1.05067,-107.0436183
20070317,0.311866,-106.7317523
20070318,1.04971,-105.6820423
20070319,0.406054,-105.2759883
20070320,1.56462,-103.7113683
20070321,0.948257,-102.7631113
20070322,1.59956,-101.1635513
20070323,1.91982,-99.24373127
20070324,1.10153,-98.14220127
20070325,0.985421,-97.15678027
20070326,2.33696,-94.81982027
20070327,0.656327,-94.16349327
20070328,0.764241,-93.39925227
20070329,1.15183,-92.24742227
20070330,1.72842,-90.51900227
20070331,1.38768,-89.13132227
20070401,1.32541,-87.80591227
20070402,1.29278,-86.51313227
20070403,0.707227,-85.80590527
20070404,0.312017,-85.49388827
20070405,0.637395,-84.85649327
20070406,0.773003,-84.08349027
20070407,2.05338,-82.03011027
20070408,0.864789,-81.16532127
20070409,0.99426,-80.17106127
20070410,0.951894,-79.21916727
20070411,1.47576,-77.74340727
20070412,0.835882,-76.90752527
20070413,0.860999,-76.04652627
20070414,0.937895,-75.10863127
20070415,0.736664,-74.37196727
20070416,0.227339,-74.14462827
20070417,0.125465,-74.01916327
20070418,-0.0840534,-74.10321667
20070419,-0.0831754,-74.18639207
20070420,0.911787,-73.27460507
20070421,0.0477263,-73.22687877
20070422,1.19026,-72.03661877
20070423,0.100604,-71.93601477
20070424,0.483807,-71.45220777
20070425,0.292134,-71.16007377
20070426,0.423365,-70.73670877
20070427,0.680231,-70.05647777
20070428,-0.205707,-70.26218477
20070429,1.24106,-69.02112477
20070430,-0.186873,-69.20799777
20070501,0.0861316,-69.12186617
20070502,-0.0272522,-69.14911837
20070503,-0.237516,-69.38663437
20070504,0.755167,-68.63146737
20070505,1.00471,-67.62675737
20070506,0.195341,-67.43141637
20070507,-1.69711,-69.12852637
20070508,-1.62601,-70.75453637
20070509,-1.55806,-72.31259637
20070510,-1.20153,-73.51412637
20070511,0.210459,-73.30366737
20070512,-1.76201,-75.06567737
20070513,-0.378661,-75.44433837
20070514,-0.792975,-76.23731337
20070515,0.0316505,-76.20566287
20070516,0.304151,-75.90151187
20070517,-1.15954,-77.06105187
20070518,-0.587858,-77.64890987
20070519,-0.0244205,-77.67333037
20070520,0.84182,-76.83151037
20070521,0.640889,-76.19062137
20070522,0.625808,-75.56481337
20070523,-1.46092,-77.02573337
20070524,-1.65381,-78.67954337
20070525,-2.25803,-80.93757337
20070526,-2.29196,-83.22953337
20070527,-2.27205,-85.50158337
20070528,-1.63704,-87.13862337
20070529,-1.83822,-88.97684337
20070530,-1.73918,-90.71602337
20070531,-1.84169,-92.55771337
20070601,-0.401026,-92.95873937
20070602,0.723783,-92.23495637
20070603,-0.884058,-93.11901437
20070604,-0.0129495,-93.13196387
20070605,-0.0356358,-93.16759967
20070606,0.262492,-92.90510767
20070607,0.564411,-92.34069667
20070608,-0.602265,-92.94296167
20070609,-0.463226,-93.40618767
20070610,-1.17452,-94.58070767
20070611,-0.17785,-94.75855767
20070612,-1.05194,-95.81049767
20070613,-0.0534647,-95.86396237
20070614,0.802809,-95.06115337
20070615,0.00727011,-95.05388326
20070616,-1.67379,-96.72767326
20070617,-0.615695,-97.34336826
20070618,-1.15729,-98.50065826
20070619,0.476634,-98.02402426
20070620,0.0387871,-97.98523716
20070621,-0.295562,-98.28079916
20070622,0.0697003,-98.21109886
20070623,-1.43592,-99.64701886
20070624,-1.20705,-100.8540689
20070625,-0.533873,-101.3879419
20070626,0.791863,-100.5960789
20070627,0.569825,-100.0262539
20070628,0.951332,-99.07492186
20070629,-0.455818,-99.53073986
20070630,-0.303324,-99.83406386
20070701,1.18668,-98.64738386
20070702,1.53968,-97.10770386
20070703,0.764754,-96.34294986
20070704,0.391464,-95.95148586
20070705,0.649892,-95.30159386
20070706,-0.390545,-95.69213886
20070707,-0.467086,-96.15922486
20070708,-0.326407,-96.48563186
20070709,0.285449,-96.20018286
20070710,-1.3295,-97.52968286
20070711,-0.59978,-98.12946286
20070712,-0.911042,-99.04050486
20070713,0.814879,-98.22562586
20070714,-1.03612,-99.26174586
20070715,-1.29189,-100.5536359
20070716,-1.56868,-102.1223159
20070717,-1.43572,-103.5580359
20070718,0.0635995,-103.4944364
20070719,-1.02509,-104.5195264
20070720,-0.152678,-104.6722044
20070721,-0.4182,-105.0904044
20070722,0.16403,-104.9263744
20070723,-0.380832,-105.3072064
20070724,-0.0472749,-105.3544813
20070725,-0.077458,-105.4319393
20070726,0.258587,-105.1733523
20070727,-0.420144,-105.5934963
20070728,-0.507909,-106.1014053
20070729,-0.959264,-107.0606693
20070730,-0.0847115,-107.1453808
20070731,-0.795197,-107.9405778
20070801,-0.42149,-108.3620678
20070802,-0.43697,-108.7990378
20070803,-0.045309,-108.8443468
20070804,-0.0207463,-108.8650931
20070805,-1.64874,-110.5138331
20070806,-1.22325,-111.7370831
20070807,-1.03624,-112.7733231
20070808,-0.169071,-112.9423941
20070809,-0.683459,-113.6258531
20070810,-0.0269366,-113.6527897
20070811,-0.0918802,-113.7446699
20070812,-0.283461,-114.0281309
20070813,0.135475,-113.8926559
20070814,0.443303,-113.4493529
20070815,-0.0377637,-113.4871166
20070816,0.0607336,-113.426383
20070817,-0.416378,-113.842761
20070818,-0.372435,-114.215196
20070819,-0.0629761,-114.2781721
20070820,-0.0683314,-114.3465035
20070821,0.286958,-114.0595455
20070822,0.540451,-113.5190945
20070823,0.490714,-113.0283805
20070824,0.481156,-112.5472245
20070825,-0.0495011,-112.5967256
20070826,0.755013,-111.8417126
20070827,1.01932,-110.8223926
20070828,1.34151,-109.4808826
20070829,0.759339,-108.7215436
20070830,1.02471,-107.6968336
20070831,0.923753,-106.7730806
20070901,0.866446,-105.9066346
20070902,1.02471,-104.8819246
20070903,0.923753,-103.9581716
20070904,0.866446,-103.0917256
20070905,1.02471,-102.0670156
20070906,0.923753,-101.1432626
20070907,0.866446,-100.2768166
20070908,0.957089,-99.31972756
20070909,0.971361,-98.34836656
20070910,0.935791,-97.41257556
20070911,1.17333,-96.23924556
20070912,0.762718,-95.47652756
20070913,1.32028,-94.15624756
20070914,1.69279,-92.46345756
20070915,1.69466,-90.76879756
20070916,1.25203,-89.51676756
20070917,1.41843,-88.09833756
20070918,1.30249,-86.79584756
20070919,0.623547,-86.17230056
20070920,1.24956,-84.92274056
20070921,1.08441,-83.83833056
20070922,0.863004,-82.97532656
20070923,1.4557,-81.51962656
20070924,2.83341,-78.68621656
20070925,1.07134,-77.61487656
20070926,0.637757,-76.97711956
20070927,1.88266,-75.09445956
20070928,1.44052,-73.65393956
20070929,1.08875,-72.56518956
20070930,1.70268,-70.86250956
20071001,2.42504,-68.43746956
20071002,2.65073,-65.78673956
20071003,1.56389,-64.22284956
20071004,2.3136,-61.90924956
20071005,2.11805,-59.79119956
20071006,2.06905,-57.72214956
20071007,2.44137,-55.28077956
20071008,1.27423,-54.00654956
20071009,1.75628,-52.25026956
20071010,1.2056,-51.04466956
20071011,1.06689,-49.97777956
20071012,1.30414,-48.67363956
20071013,0.793552,-47.88008756
20071014,1.82659,-46.05349756
20071015,2.67043,-43.38306756
20071016,1.60039,-41.78267756
20071017,1.53305,-40.24962756
20071018,2.18653,-38.06309756
20071019,1.44587,-36.61722756
20071020,0.972049,-35.64517856
20071021,0.142823,-35.50235556
20071022,1.61432,-33.88803556
20071023,2.26519,-31.62284556
20071024,2.84827,-28.77457556
20071025,-0.609722,-29.38429756
20071026,0.77833,-28.60596756
20071027,0.378698,-28.22726956
20071028,0.490039,-27.73723056
20071029,0.82585,-26.91138056
20071030,1.75131,-25.16007056
20071031,1.3365,-23.82357056
20071101,0.780982,-23.04258856
20071102,0.903197,-22.13939156
20071103,1.03397,-21.10542156
20071104,1.39788,-19.70754156
20071105,1.48276,-18.22478156
20071106,0.706566,-17.51821556
20071107,1.04845,-16.46976556
20071108,1.15346,-15.31630556
20071109,0.597237,-14.71906856
20071110,1.60046,-13.11860856
20071111,1.35284,-11.76576856
20071112,0.208505,-11.55726356
20071113,1.08267,-10.47459356
20071114,-0.102912,-10.57750556
20071115,0.10827,-10.46923556
20071116,1.07803,-9.39120556
20071117,-0.102912,-9.49411756
20071118,0.10827,-9.38584756
20071119,1.07803,-8.30781756
20071120,0.501981,-7.80583656
20071121,1.04131,-6.76452656
20071122,0.809479,-5.95504756
20071123,-0.767817,-6.72286456
20071124,-0.414333,-7.13719756
20071125,-0.370958,-7.50815556
20071126,1.12108,-6.38707556
20071127,-1.30219,-7.68926556
20071128,-1.29459,-8.98385556
20071129,-1.73705,-10.72090556
20071130,0.0971611,-10.62374446
20071201,0.834666,-9.78907846
20071202,-2.34215,-12.13122846
20071203,-0.424252,-12.55548046
20071204,-1.11104,-13.66652046
20071205,-1.67025,-15.33677046
20071206,-0.728593,-16.06536346
20071207,-0.38724,-16.45260346
20071208,-1.60769,-18.06029346
20071209,-2.74374,-20.80403346
20071210,-2.24762,-23.05165346
20071211,-1.18091,-24.23256346
20071212,-1.1825,-25.41506346
20071213,-2.59334,-28.00840346
20071214,-2.30263,-30.31103346
20071215,-2.87942,-33.19045346
20071216,-1.30225,-34.49270346
20071217,-1.40366,-35.89636346
20071218,0.0793479,-35.81701556
20071219,-0.220663,-36.03767856
20071220,-2.09062,-38.12829856
20071221,-2.90452,-41.03281856
20071222,-2.0268,-43.05961856
20071223,-3.25527,-46.31488856
20071224,-2.3367,-48.65158856
20071225,-3.9632,-52.61478856
20071226,-1.86349,-54.47827856
20071227,-1.44005,-55.91832856
20071228,-1.32463,-57.24295856
20071229,-0.121481,-57.36443956
20071230,-0.32746,-57.69189956
20071231,-0.949626,-58.64152556
20080101,-0.399749,-59.04127456
20080102,0.152472,-58.88880256
20080103,-0.260554,-59.14935656
20080104,0.0684777,-59.08087886
20080105,-0.83674,-59.91761886
20080106,-0.740356,-60.65797486
20080107,-0.697169,-61.35514386
20080108,-0.542741,-61.89788486
20080109,-2.73993,-64.63781486
20080110,-2.11997,-66.75778486
20080111,-3.24991,-70.00769486
20080112,-1.54137,-71.54906486
20080113,-1.51934,-73.06840486
20080114,-1.39088,-74.45928486
20080115,-2.79794,-77.25722486
20080116,-1.53352,-78.79074486
20080117,0.575042,-78.21570286
20080118,-1.36331,-79.57901286
20080119,-1.66866,-81.24767286
20080120,-2.14848,-83.39615286
20080121,-2.07328,-85.46943286
20080122,-0.67087,-86.14030286
20080123,-0.895512,-87.03581486
20080124,-1.2474,-88.28321486
20080125,-0.479671,-88.76288586
20080126,-2.19297,-90.95585586
20080127,-0.192908,-91.14876386
20080128,0.0380765,-91.11068736
20080129,0.0186605,-91.09202686
20080130,-0.258861,-91.35088786
20080131,1.09622,-90.25466786
20080201,1.4,-88.85466786
20080202,0.897897,-87.95677086
20080203,1.16561,-86.79116086
20080204,0.967431,-85.82372986
20080205,1.24889,-84.57483986
20080206,1.27807,-83.29676986
20080207,1.95982,-81.33694986
20080208,2.18327,-79.15367986
20080209,1.79437,-77.35930986
20080210,0.519353,-76.83995686
20080211,1.10836,-75.73159686
20080212,2.05847,-73.67312686
20080213,0.795706,-72.87742086
20080214,-0.411579,-73.28899986
20080215,-0.381455,-73.67045486
20080216,0.639928,-73.03052686
20080217,1.58857,-71.44195686
20080218,1.62206,-69.81989686
20080219,1.87883,-67.94106686
20080220,2.86365,-65.07741686
20080221,2.89565,-62.18176686
20080222,2.4491,-59.73266686
20080223,2.57119,-57.16147686
20080224,1.52824,-55.63323686
20080225,1.49802,-54.13521686
20080226,1.81419,-52.32102686
20080227,2.18191,-50.13911686
20080228,2.33118,-47.80793686
20080229,0.849996,-46.95794086
20080301,0.493365,-46.46457586
20080302,-0.26501,-46.72958586
20080303,0.756982,-45.97260386
20080304,-0.604822,-46.57742586
20080305,0.208526,-46.36889986
20080306,0.222861,-46.14603886
20080307,-0.284378,-46.43041686
20080308,-0.15555,-46.58596686
20080309,0.0286146,-46.55735226
20080310,0.260035,-46.29731726
20080311,0.0531825,-46.24413476
20080312,-0.0918477,-46.33598246
20080313,1.23673,-45.09925246
20080314,1.07515,-44.02410246
20080315,0.276065,-43.74803746
20080316,0.0163068,-43.73173066
20080317,0.723567,-43.00816366
20080318,0.0919922,-42.91617146
20080319,0.436696,-42.47947546
20080320,0.35622,-42.12325546
20080321,1.80573,-40.31752546
20080322,0.440725,-39.87680046
20080323,-0.195123,-40.07192346
20080324,0.172422,-39.89950146
20080325,1.33248,-38.56702146
20080326,0.00108076,-38.5659407
20080327,0.517669,-38.0482717
20080328,0.220238,-37.8280337
20080329,0.486542,-37.3414917
20080330,0.215543,-37.1259487
20080331,0.315639,-36.8103097
20080401,0.149433,-36.6608767
20080402,0.589977,-36.0708997
20080403,1.273,-34.7978997
20080404,0.485182,-34.3127177
20080405,1.14602,-33.1666977
20080406,1.91273,-31.2539677
20080407,1.11716,-30.1368077
20080408,0.69141,-29.4453977
20080409,0.776919,-28.6684787
20080410,0.972969,-27.6955097
20080411,0.723308,-26.9722017
20080412,0.675171,-26.2970307
20080413,1.14414,-25.1528907
20080414,1.60327,-23.5496207
20080415,0.612588,-22.9370327
20080416,0.394267,-22.5427657
20080417,0.79569,-21.7470757
20080418,-0.1867,-21.9337757
20080419,0.0835457,-21.85023
20080420,0.433076,-21.417154
20080421,1.00296,-20.414194
20080422,-0.114373,-20.528567
20080423,-0.959727,-21.488294
20080424,-1.42469,-22.912984
20080425,-0.985809,-23.898793
20080426,-0.665513,-24.564306
20080427,0.0281794,-24.5361266
20080428,-0.366635,-24.9027616
20080429,-0.50788,-25.4106416
20080430,-0.451606,-25.8622476
20080501,-1.30682,-27.1690676
20080502,-0.360564,-27.5296316
20080503,-0.887002,-28.4166336
20080504,0.91231,-27.5043236
20080505,-0.757982,-28.2623056
20080506,-1.15158,-29.4138856
20080507,-0.799051,-30.2129366
20080508,-0.795649,-31.0085856
20080509,-2.07952,-33.0881056
20080510,-1.09554,-34.1836456
20080511,-0.862213,-35.0458586
20080512,-0.68035,-35.7262086
20080513,0.200262,-35.5259466
20080514,-0.0528189,-35.5787655
20080515,0.207787,-35.3709785
20080516,-0.506212,-35.8771905
20080517,0.076761,-35.8004295
20080518,0.318603,-35.4818265
20080519,-0.0288449,-35.5106714
20080520,-0.14848,-35.6591514
20080521,-1.3484,-37.0075514
20080522,-1.12845,-38.1360014
20080523,-0.046115,-38.1821164
20080524,0.293323,-37.8887934
20080525,-1.44359,-39.3323834
20080526,-0.0557459,-39.3881293
20080527,-0.0225201,-39.4106494
20080528,-0.500962,-39.9116114
20080529,-0.769632,-40.6812434
20080530,-0.935635,-41.6168784
20080531,-1.19851,-42.8153884
20080601,-0.953302,-43.7686904
20080602,0.0725326,-43.6961578
20080603,-0.637541,-44.3336988
20080604,-0.0342211,-44.3679199
20080605,-1.06322,-45.4311399
20080606,-0.936162,-46.3673019
20080607,-1.75494,-48.1222419
20080608,0.295865,-47.8263769
20080609,0.191724,-47.6346529
20080610,-1.20351,-48.8381629
20080611,-0.394956,-49.2331189
20080612,-0.38601,-49.6191289
20080613,-0.0961779,-49.7153068
20080614,-0.880511,-50.5958178
20080615,-1.52008,-52.1158978
20080616,-1.68111,-53.7970078
20080617,-1.16209,-54.9590978
20080618,-0.119561,-55.0786588
20080619,-1.20456,-56.2832188
20080620,-2.54346,-58.8266788
20080621,-0.831405,-59.6580838
20080622,-2.23514,-61.8932238
20080623,-1.91692,-63.8101438
20080624,-1.11264,-64.9227838
20080625,-0.108416,-65.0311998
20080626,-0.893178,-65.9243778
20080627,-1.6868,-67.6111778
20080628,-0.479549,-68.0907268
20080629,0.487362,-67.6033648
20080630,-0.260154,-67.8635188
20080701,-0.790141,-68.6536598
20080702,-0.891266,-69.5449258
20080703,-2.1178,-71.6627258
20080704,-0.285344,-71.9480698
20080705,-0.216621,-72.1646908
20080706,0.13408,-72.0306108
20080707,-0.112403,-72.1430138
20080708,-0.719559,-72.8625728
20080709,0.0298994,-72.8326734
20080710,0.682839,-72.1498344
20080711,0.364424,-71.7854104
20080712,-0.285886,-72.0712964
20080713,-0.332795,-72.4040914
20080714,-0.809713,-73.2138044
20080715,-0.207327,-73.4211314
20080716,-0.788563,-74.2096944
20080717,0.345171,-73.8645234
20080718,-0.373779,-74.2383024
20080719,-0.11361,-74.3519124
20080720,-0.573194,-74.9251064
20080721,-0.0441887,-74.9692951
20080722,-0.528822,-75.4981171
20080723,0.351661,-75.1464561
20080724,0.0363564,-75.1100997
20080725,-0.0193864,-75.1294861
20080726,-0.410029,-75.5395151
20080727,-0.498267,-76.0377821
20080728,0.872911,-75.1648711
20080729,-0.424879,-75.5897501
20080730,-0.261015,-75.8507651
20080731,-0.689056,-76.5398211
20080801,-1.04905,-77.5888711
20080802,-0.225001,-77.8138721
20080803,-0.530902,-78.3447741
20080804,-2.7537,-81.0984741
20080805,-1.08968,-82.1881541
20080806,-1.226,-83.4141541
20080807,-2.65525,-86.0694041
20080808,-1.87332,-87.9427241
20080809,-0.0939152,-88.0366393
20080810,-1.88699,-89.9236293
20080811,-2.3034,-92.2270293
20080812,-0.615055,-92.8420843
20080813,-1.30415,-94.1462343
20080814,-1.99381,-96.1400443
20080815,-3.30445,-99.4444943
20080816,-2.79121,-102.2357043
20080817,-2.68986,-104.9255643
20080818,-1.89359,-106.8191543
20080819,-1.49816,-108.3173143
20080820,-2.3913,-110.7086143
20080821,-1.92291,-112.6315243
20080822,-2.04714,-114.6786643
20080823,-2.42669,-117.1053543
20080824,-4.62875,-121.7341043
20080825,-1.31077,-123.0448743
20080826,-1.82488,-124.8697543
20080827,-3.81406,-128.6838143
20080828,-1.25784,-129.9416543
20080829,-0.799937,-130.7415913
20080830,0.164896,-130.5766953
20080831,-0.0789553,-130.6556506
20080901,0.46205,-130.1936006
20080902,0.990092,-129.2035086
20080903,-0.984962,-130.1884706
20080904,0.193659,-129.9948116
20080905,0.398657,-129.5961546
20080906,0.325958,-129.2701966
20080907,0.254921,-129.0152756
20080908,0.764814,-128.2504616
20080909,0.252191,-127.9982706
20080910,0.343541,-127.6547296
20080911,-0.444554,-128.0992836
20080912,-0.735737,-128.8350206
20080913,0.0355701,-128.7994505
20080914,1.9753,-126.8241505
20080915,1.48527,-125.3388805
20080916,1.40242,-123.9364605
20080917,0.326425,-123.6100355
20080918,1.33716,-122.2728755
20080919,1.48129,-120.7915855
20080920,0.0784212,-120.7131643
20080921,2.45202,-118.2611443
20080922,1.20884,-117.0523043
20080923,0.773593,-116.2787113
20080924,1.43449,-114.8442213
20080925,0.785528,-114.0586933
20080926,1.83331,-112.2253833
20080927,2.11417,-110.1112133
20080928,0.231144,-109.8800693
20080929,1.9282,-107.9518693
20080930,1.82456,-106.1273093
20081001,1.96095,-104.1663593
20081002,1.55373,-102.6126293
20081003,1.9243,-100.6883293
20081004,1.64107,-99.0472593
20081005,1.0417,-98.0055593
20081006,0.610929,-97.3946303
20081007,1.50568,-95.8889503
20081008,0.832518,-95.0564323
20081009,1.0854,-93.9710323
20081010,2.51225,-91.4587823
20081011,2.56978,-88.8890023
20081012,1.84176,-87.0472423
20081013,1.40866,-85.6385823
20081014,2.63637,-83.0022123
20081015,1.92258,-81.0796323
20081016,2.04818,-79.0314523
20081017,2.53972,-76.4917323
20081018,2.19795,-74.2937823
20081019,2.34531,-71.9484723
20081020,2.49979,-69.4486823
20081021,2.2804,-67.1682823
20081022,2.8953,-64.2729823
20081023,2.20612,-62.0668623
20081024,3.55581,-58.5110523
20081025,1.55095,-56.9601023
20081026,1.13374,-55.8263623
20081027,2.80338,-53.0229823
20081028,2.07367,-50.9493123
20081029,1.68945,-49.2598623
20081030,1.57142,-47.6884423
20081031,0.956682,-46.7317603
20081101,1.58053,-45.1512303
20081102,2.30055,-42.8506803
20081103,1.97834,-40.8723403
20081104,1.57604,-39.2963003
20081105,1.14432,-38.1519803
20081106,0.87408,-37.2779003
20081107,2.39842,-34.8794803
20081108,1.55366,-33.3258203
20081109,1.42054,-31.9052803
20081110,3.16089,-28.7443903
20081111,1.58162,-27.1627703
20081112,1.42552,-25.7372503
20081113,1.9862,-23.7510503
20081114,1.78416,-21.9668903
20081115,1.44058,-20.5263103
20081116,1.44809,-19.0782203
20081117,1.27094,-17.8072803
20081118,1.50597,-16.3013103
20081119,1.02748,-15.2738303
20081120,0.0513176,-15.2225127
20081121,0.532602,-14.6899107
20081122,1.02646,-13.6634507
20081123,0.384655,-13.2787957
20081124,-0.274048,-13.5528437
20081125,-0.604103,-14.1569467
20081126,0.0848976,-14.0720491
20081127,-0.283253,-14.3553021
20081128,-0.382213,-14.7375151
20081129,-0.490597,-15.2281121
20081130,-0.505537,-15.7336491
20081201,-0.652539,-16.3861881
20081202,-0.359225,-16.7454131
20081203,-0.980314,-17.7257271
20081204,-0.626436,-18.3521631
20081205,-0.359225,-18.7113881
20081206,-0.980314,-19.6917021
20081207,-0.626436,-20.3181381
20081208,-0.359225,-20.6773631
20081209,-0.980314,-21.6576771
20081210,-0.626436,-22.2841131
20081211,-0.359225,-22.6433381
20081212,-0.980314,-23.6236521
20081213,-0.626436,-24.2500881
20081214,-0.359225,-24.6093131
20081215,-0.980314,-25.5896271
20081216,-0.626436,-26.2160631
20081217,-0.359225,-26.5752881
20081218,-0.980314,-27.5556021
20081219,-0.626436,-28.1820381
20081220,-0.359225,-28.5412631
20081221,-0.980314,-29.5215771
20081222,-0.626436,-30.1480131
20081223,-0.81585,-30.9638631
20081224,-2.18733,-33.1511931
20081225,-2.32252,-35.4737131
20081226,-3.72082,-39.1945331
20081227,-3.27288,-42.4674131
20081228,-2.88722,-45.3546331
20081229,-3.6015,-48.9561331
20081230,-3.22611,-52.1822431
20081231,-2.88722,-55.0694631
20090101,-6.23631,-61.3057731
20090102,-4.21783,-65.5236031
20090103,-3.18047,-68.7040731
20090104,-5.08583,-73.7899031
20090105,-0.808683,-74.5985861
20090106,-3.28974,-77.8883261
20090107,-3.53786,-81.4261861
20090108,-5.2433,-86.6694861
20090109,-2.10629,-88.7757761
20090110,-2.67042,-91.4461961
20090111,1.75565,-89.6905461
20090112,-1.89715,-91.5876961
20090113,1.67557,-89.9121261
20090114,-3.15159,-93.0637161
20090115,-3.06964,-96.1333561
20090116,-5.38537,-101.5187261
20090117,-3.72917,-105.2478961
20090118,-0.589091,-105.8369871
20090119,-3.39741,-109.2343971
20090120,-0.414263,-109.6486601
20090121,-2.49319,-112.1418501
20090122,-1.90452,-114.0463701
20090123,-2.87298,-116.9193501
20090124,-1.89933,-118.8186801
20090125,-4.37624,-123.1949201
20090126,-3.4431,-126.6380201
20090127,-3.33046,-129.9684801
20090128,-1.10841,-131.0768901
20090129,-4.02151,-135.0984001
20090130,-3.21262,-138.3110201
20090131,-2.79242,-141.1034401
20090201,-3.18891,-144.2923501
20090202,-2.18448,-146.4768301
20090203,-2.09006,-148.5668901
20090204,-1.37288,-149.9397701
20090205,-0.0894401,-150.0292102
20090206,-3.09572,-153.1249302
20090207,-3.39665,-156.5215802
20090208,-2.85172,-159.3733002
20090209,-3.98522,-163.3585202
20090210,-2.11467,-165.4731902
20090211,-3.70915,-169.1823402
20090212,-1.88183,-171.0641702
20090213,-2.43515,-173.4993202
20090214,-2.44865,-175.9479702
20090215,-1.99891,-177.9468802
20090216,-2.0494,-179.9962802
20090217,0.0945225,-179.9017577
20090218,-1.89713,-181.7988877
20090219,-1.88464,-183.6835277
20090220,-0.76308,-184.4466077
20090221,-1.88805,-186.3346577
20090222,-1.66289,-187.9975477
20090223,0.648822,-187.3487257
20090224,-0.339381,-187.6881067
20090225,-2.05328,-189.7413867
20090226,-1.81305,-191.5544367
20090227,-0.199887,-191.7543237
20090228,-1.36053,-193.1148537
20090301,3.8792,-189.2356537
20090302,-2.55323,-191.7888837
20090303,-1.63969,-193.4285737
20090304,-2.176,-195.6045737
20090305,-1.62994,-197.2345137
20090306,-1.09568,-198.3301937
20090307,-1.4345,-199.7646937
20090308,-1.29506,-201.0597537
20090309,1.18871,-199.8710437
20090310,0.0896985,-199.7813452
20090311,-1.12182,-200.9031652
20090312,-1.18663,-202.0897952
20090313,-2.51275,-204.6025452
20090314,-2.22385,-206.8263952
20090315,-1.56875,-208.3951452
20090316,-2.22092,-210.6160652
20090317,-1.18353,-211.7995952
20090318,1.97138,-209.8282152
20090319,-1.10423,-210.9324452
20090320,-0.130033,-211.0624782
20090321,-1.18247,-212.2449482
20090322,-1.54564,-213.7905882
20090323,-1.60958,-215.4001682
20090324,-0.711728,-216.1118962
20090325,-0.854252,-216.9661482
20090326,-1.10628,-218.0724282
20090327,-1.1304,-219.2028282
20090328,-0.940527,-220.1433552
20090329,-0.473091,-220.6164462
20090330,-1.29481,-221.9112562
20090331,-0.909536,-222.8207922
20090401,-1.91055,-224.7313422
20090402,-1.86066,-226.5920022
20090403,-0.746584,-227.3385862
20090404,-0.842348,-228.1809342
20090405,-0.929193,-229.1101272
20090406,-0.385354,-229.4954812
20090407,0.0864457,-229.4090355
20090408,-0.590541,-229.9995765
20090409,-0.242585,-230.2421615
20090410,-0.407085,-230.6492465
20090411,-1.43823,-232.0874765
20090412,-0.960133,-233.0476095
20090413,-0.645227,-233.6928365
20090414,-0.329534,-234.0223705
20090415,-1.20432,-235.2266905
20090416,-0.770929,-235.9976195
20090417,-1.55052,-237.5481395
20090418,-0.816229,-238.3643685
20090419,-0.697075,-239.0614435
20090420,-1.02774,-240.0891835
20090421,-0.732562,-240.8217455
20090422,-1.11801,-241.9397555
20090423,-1.12762,-243.0673755
20090424,0.527273,-242.5401025
20090425,-0.943532,-243.4836345
20090426,-0.792857,-244.2764915
20090427,-0.376571,-244.6530625
20090428,0.995466,-243.6575965
20090429,0.409416,-243.2481805
20090430,0.475548,-242.7726325
20090501,0.253086,-242.5195465
20090502,0.129209,-242.3903375
20090503,-0.0995258,-242.4898633
20090504,-0.377583,-242.8674463
20090505,-0.723246,-243.5906923
20090506,0.223112,-243.3675803
20090507,0.572222,-242.7953583
20090508,1.55599,-241.2393683
20090509,1.32995,-239.9094183
20090510,0.892881,-239.0165373
20090511,0.863844,-238.1526933
20090512,0.636863,-237.5158303
20090513,1.49335,-236.0224803
20090514,1.40044,-234.6220403
20090515,1.18187,-233.4401703
20090516,0.42185,-233.0183203
20090517,0.795854,-232.2224663
20090518,-0.0691434,-232.2916097
20090519,1.6137,-230.6779097
20090520,1.93324,-228.7446697
20090521,1.37621,-227.3684597
20090522,0.082068,-227.2863917
20090523,0.860175,-226.4262167
20090524,0.823742,-225.6024747
20090525,0.588855,-225.0136197
20090526,0.749237,-224.2643827
20090527,0.745354,-223.5190287
20090528,0.590829,-222.9281997
20090529,0.428936,-222.4992637
20090530,0.342613,-222.1566507
20090531,0.599342,-221.5573087
20090601,0.493613,-221.0636957
20090602,-0.218847,-221.2825427
20090603,0.158981,-221.1235617
20090604,0.206693,-220.9168687
20090605,0.234166,-220.6827027
20090606,0.541105,-220.1415977
20090607,-0.0336549,-220.1752526
20090608,-0.150381,-220.3256336
20090609,0.126566,-220.1990676
20090610,0.159333,-220.0397346
20090611,-0.0961059,-220.1358405
20090612,-0.236077,-220.3719175
20090613,-0.239646,-220.6115635
20090614,-0.0075601,-220.6191236
20090615,-0.36917,-220.9882936
20090616,-0.289127,-221.2774206
20090617,0.109993,-221.1674276
20090618,-0.124209,-221.2916366
20090619,0.0367499,-221.2548867
20090620,-0.166515,-221.4214017
20090621,-0.0890202,-221.5104219
20090622,0.112254,-221.3981679
20090623,-0.646427,-222.0445949
20090624,-0.571866,-222.6164609
20090625,-0.342649,-222.9591099
20090626,-0.659353,-223.6184629
20090627,-0.303803,-223.9222659
20090628,-0.21195,-224.1342159
20090629,-0.590053,-224.7242689
20090630,-0.406851,-225.1311199
20090701,0.393884,-224.7372359
20090702,-0.0448281,-224.782064
20090703,0.0931199,-224.6889441
20090704,0.175503,-224.5134411
20090705,-0.0500904,-224.5635315
20090706,0.0253044,-224.5382271
20090707,0.353874,-224.1843531
20090708,0.217829,-223.9665241
20090709,0.201089,-223.7654351
20090710,0.316928,-223.4485071
20090711,0.0643327,-223.3841744
20090712,-0.1621,-223.5462744
20090713,-0.309829,-223.8561034
20090714,-0.379536,-224.2356394
20090715,-0.231739,-224.4673784
20090716,-0.219093,-224.6864714
20090717,-0.0394129,-224.7258843
20090718,-0.0623958,-224.7882801
20090719,-0.0937011,-224.8819812
20090720,-0.380434,-225.2624152
20090721,-0.0265729,-225.2889881
20090722,0.0187659,-225.2702222
20090723,0.0509951,-225.2192271
20090724,0.399059,-224.8201681
20090725,-0.173349,-224.9935171
20090726,-0.192449,-225.1859661
20090727,-0.33961,-225.5255761
20090728,-0.113818,-225.6393941
20090729,0.377151,-225.2622431
20090730,1.35732,-223.9049231
20090731,1.57693,-222.3279931
20090801,1.82763,-220.5003631
20090802,2.07366,-218.4267031
20090803,2.49891,-215.9277931
20090804,1.94724,-213.9805531
20090805,2.56792,-211.4126331
20090806,2.09687,-209.3157631
20090807,1.85381,-207.4619531
20090808,1.70327,-205.7586831
20090809,1.38055,-204.3781331
20090810,1.33774,-203.0403931
20090811,1.24739,-201.7930031
20090812,1.78972,-200.0032831
20090813,0.707527,-199.2957561
20090814,0.129255,-199.1665011
20090815,0.178312,-198.9881891
20090816,0.461143,-198.5270461
20090817,0.643384,-197.8836621
20090818,0.483503,-197.4001591
20090819,0.790545,-196.6096141
20090820,0.434329,-196.1752851
20090821,0.263599,-195.9116861
20090822,0.510377,-195.4013091
20090823,0.821557,-194.5797521
20090824,0.172126,-194.4076261
20090825,-0.22073,-194.6283561
20090826,0.265956,-194.3624001
20090827,0.0630137,-194.2993864
20090828,0.796781,-193.5026054
20090829,1.25255,-192.2500554
20090830,1.58077,-190.6692854
20090831,1.46752,-189.2017654
20090901,2.0756,-187.1261654
20090902,1.30861,-185.8175554
20090903,0.334536,-185.4830194
20090904,0.247433,-185.2355864
20090905,-0.0308376,-185.266424
20090906,-0.34406,-185.610484
20090907,0.360204,-185.25028
20090908,0.0351164,-185.2151636
20090909,0.711384,-184.5037796
20090910,-0.00547627,-184.5092559
20090911,-0.0398972,-184.5491531
20090912,-0.731092,-185.2802451
20090913,-0.0776729,-185.357918
20090914,-0.0645611,-185.4224791
20090915,-0.327968,-185.7504471
20090916,-0.496214,-186.2466611
20090917,0.0490478,-186.1976133
20090918,0.169114,-186.0284993
20090919,-0.408983,-186.4374823
20090920,-0.302528,-186.7400103
20090921,-0.247043,-186.9870533
20090922,0.379321,-186.6077323
20090923,0.459242,-186.1484903
20090924,0.419183,-185.7293073
20090925,0.390892,-185.3384153
20090926,0.409285,-184.9291303
20090927,0.836019,-184.0931113
20090928,0.89434,-183.1987713
20090929,0.876529,-182.3222423
20090930,0.793362,-181.5288803
20091001,0.551787,-180.9770933
20091002,0.321318,-180.6557753
20091003,0.512327,-180.1434483
20091004,0.134747,-180.0087013
20091005,0.115982,-179.8927193
20091006,-0.144897,-180.0376163
20091007,-0.231614,-180.2692303
20091008,-0.487962,-180.7571923
20091009,-0.480917,-181.2381093
20091010,-0.480994,-181.7191033
20091011,-0.478372,-182.1974753
20091012,-0.482247,-182.6797223
20091013,-0.541957,-183.2216793
20091014,-0.501873,-183.7235523
20091015,-0.862141,-184.5856933
20091016,-0.710065,-185.2957583
20091017,-0.743369,-186.0391273
20091018,-0.692912,-186.7320393
20091019,-0.71359,-187.4456293
20091020,-0.654633,-188.1002623
20091021,-0.457118,-188.5573803
20091022,-0.375889,-188.9332693
20091023,0.476902,-188.4563673
20091024,1.29024,-187.1661273
20091025,1.75571,-185.4104173
20091026,1.46306,-183.9473573
20091027,1.74432,-182.2030373
20091028,2.14276,-180.0602773
20091029,2.17929,-177.8809873
20091030,2.27633,-175.6046573
20091031,1.3548,-174.2498573
20091101,0.680419,-173.5694383
20091102,0.282634,-173.2868043
20091103,0.337088,-172.9497163
20091104,-0.147586,-173.0973023
20091105,-0.412363,-173.5096653
20091106,0.134459,-173.3752063
20091107,-0.486076,-173.8612823
20091108,-0.19525,-174.0565323
20091109,-0.755246,-174.8117783
20091110,-0.123935,-174.9357133
20091111,0.388436,-174.5472773
20091112,-0.0937244,-174.6410017
20091113,0.0265487,-174.614453
20091114,2.6391,-171.975353
20091115,2.85092,-169.124433
20091116,3.16936,-165.955073
20091117,-0.626889,-166.581962
20091118,-0.775522,-167.357484
20091119,-0.0517134,-167.4091974
20091120,-0.8597,-168.2688974
20091121,-1.14943,-169.4183274
20091122,-1.42872,-170.8470474
20091123,-1.4845,-172.3315474
20091124,-2.05436,-174.3859074
20091125,-2.15008,-176.5359874
20091126,-1.4102,-177.9461874
20091127,-0.778001,-178.7241884
20091128,-2.02327,-180.7474584
20091129,-2.5003,-183.2477584
20091130,-2.92028,-186.1680384
20091201,-4.44511,-190.6131484
20091202,-4.1276,-194.7407484
20091203,-3.43469,-198.1754384
20091204,-3.14162,-201.3170584
20091205,-2.53693,-203.8539884
20091206,-3.5634,-207.4173884
20091207,-3.25594,-210.6733284
20091208,-3.70045,-214.3737784
20091209,-3.82169,-218.1954684
20091210,-3.30601,-221.5014784
20091211,-1.611,-223.1124784
20091212,-5.40813,-228.5206084
20091213,-5.74476,-234.2653684
20091214,-1.70568,-235.9710484
20091215,-5.07809,-241.0491384
20091216,-4.06134,-245.1104784
20091217,-4.0349,-249.1453784
20091218,-3.8283,-252.9736784
20091219,-5.19846,-258.1721384
20091220,-4.85544,-263.0275784
20091221,-4.49426,-267.5218384
20091222,-3.86796,-271.3897984
20091223,-3.46419,-274.8539884
20091224,-2.83906,-277.6930484
20091225,-4.12185,-281.8148984
20091226,-5.51659,-287.3314884
20091227,-2.12853,-289.4600184
20091228,-0.969125,-290.4291434
20091229,-2.29707,-292.7262134
20091230,-2.32868,-295.0548934
20091231,-4.83244,-299.8873334
20100101,-4.5063,-304.3936334
20100102,-3.15373,-307.5473634
20100103,-1.96654,-309.5139034
20100104,-2.40047,-311.9143734
20100105,1.34122,-310.5731534
20100106,-3.46547,-314.0386234
20100107,-3.1952,-317.2338234
20100108,-3.14594,-320.3797634
20100109,-2.57523,-322.9549934
20100110,-3.16482,-326.1198134
20100111,-2.19378,-328.3135934
20100112,-1.36968,-329.6832734
20100113,-2.42195,-332.1052234
20100114,-1.95313,-334.0583534
20100115,-2.17626,-336.2346134
20100116,-0.384963,-336.6195764
20100117,-0.0587139,-336.6782903
20100118,-3.62052,-340.2988103
20100119,-3.12114,-343.4199503
20100120,0.670228,-342.7497223
20100121,-3.08153,-345.8312523
20100122,-3.26188,-349.0931323
20100123,-1.89387,-350.9870023
20100124,-2.06454,-353.0515423
20100125,-1.21488,-354.2664223
20100126,-1.39741,-355.6638323
20100127,0.501625,-355.1622073
20100128,-1.9014,-357.0636073
20100129,1.72367,-355.3399373
20100130,-2.64969,-357.9896273
20100131,-4.01199,-362.0016173
20100201,-1.96779,-363.9694073
20100202,-1.4497,-365.4191073
20100203,-4.397,-369.8161073
20100204,-1.48286,-371.2989673
20100205,-1.31342,-372.6123873
20100206,-1.83455,-374.4469373
20100207,-1.44751,-375.8944473
20100208,-0.838546,-376.7329933
20100209,-0.536914,-377.2699073
20100210,-0.654859,-377.9247663
20100211,-0.901713,-378.8264793
20100212,-0.960347,-379.7868263
20100213,0.185161,-379.6016653
20100214,-0.331914,-379.9335793
20100215,0.727476,-379.2061033
20100216,0.416153,-378.7899503
20100217,1.05017,-377.7397803
20100218,1.11117,-376.6286103
20100219,0.225485,-376.4031253
20100220,1.22386,-375.1792653
20100221,-0.108362,-375.2876273
20100222,-0.652526,-375.9401533
20100223,-0.464378,-376.4045313
20100224,-0.826649,-377.2311803
20100225,-0.920522,-378.1517023
20100226,-0.571626,-378.7233283
20100227,-0.546119,-379.2694473
20100228,-0.84102,-380.1104673
20100301,-0.825853,-380.9363203
20100302,-0.364429,-381.3007493
20100303,-0.0889712,-381.3897205
20100304,-0.048772,-381.4384925
20100305,-0.407577,-381.8460695
20100306,0.197111,-381.6489585
20100307,-0.533241,-382.1821995
20100308,0.263,-381.9191995
20100309,0.460857,-381.4583425
20100310,0.327845,-381.1304975
20100311,0.473344,-380.6571535
20100312,0.441139,-380.2160145
20100313,0.178145,-380.0378695
20100314,1.13835,-378.8995195
20100315,1.26838,-377.6311395
20100316,0.98203,-376.6491095
20100317,1.45957,-375.1895395
20100318,1.31485,-373.8746895
20100319,0.615748,-373.2589415
20100320,0.19118,-373.0677615
20100321,1.32364,-371.7441215
20100322,0.443406,-371.3007155
20100323,0.875596,-370.4251195
20100324,-0.0267558,-370.4518753
20100325,-0.87258,-371.3244553
20100326,-0.814002,-372.1384573
20100327,-0.773321,-372.9117783
20100328,2.11549,-370.7962883
20100329,-0.759138,-371.5554263
20100330,-0.721819,-372.2772453
20100331,1.06417,-371.2130753
20100401,-1.04628,-372.2593553
20100402,-1.34936,-373.6087153
20100403,-0.782077,-374.3907923
20100404,-1.67207,-376.0628623
20100405,-0.649614,-376.7124763
20100406,-1.29031,-378.0027863
20100407,-2.61799,-380.6207763
20100408,0.550289,-380.0704873
20100409,-1.3436,-381.4140873
20100410,-1.30221,-382.7162973
20100411,0.22193,-382.4943673
20100412,-1.43502,-383.9293873
20100413,-1.31813,-385.2475173
20100414,-1.22135,-386.4688673
20100415,-1.00811,-387.4769773
20100416,-2.05077,-389.5277473
20100417,-1.33335,-390.8610973
20100418,-1.3438,-392.2048973
20100419,-0.0106869,-392.2155842
20100420,-0.632067,-392.8476512
20100421,-1.60802,-394.4556712
20100422,-1.57057,-396.0262412
20100423,-1.63278,-397.6590212
20100424,0.924896,-396.7341252
20100425,0.854105,-395.8800202
20100426,-0.615141,-396.4951612
20100427,-1.61193,-398.1070912
20100428,-2.68818,-400.7952712
20100429,-1.88369,-402.6789612
20100430,-0.804782,-403.4837432
20100501,-1.01917,-404.5029132
20100502,-0.979995,-405.4829082
20100503,-0.537822,-406.0207302
20100504,-0.554272,-406.5750022
20100505,0.105473,-406.4695292
20100506,-0.896184,-407.3657132
20100507,0.573043,-406.7926702
20100508,-1.83648,-408.6291502
20100509,-0.0112117,-408.6403619
20100510,-0.100671,-408.7410329
20100511,-1.39702,-410.1380529
20100512,-0.650812,-410.7888649
20100513,-0.537026,-411.3258909
20100514,-0.385837,-411.7117279
20100515,1.06642,-410.6453079
20100516,0.787543,-409.8577649
20100517,-0.156958,-410.0147229
20100518,-0.650093,-410.6648159
20100519,-0.631107,-411.2959229
20100520,-0.962539,-412.2584619
20100521,-1.02356,-413.2820219
20100522,-0.868342,-414.1503639
20100523,-0.551922,-414.7022859
20100524,-0.748053,-415.4503389
20100525,-0.990235,-416.4405739
20100526,-0.0996426,-416.5402165
20100527,-0.301973,-416.8421895
20100528,0.616446,-416.2257435
20100529,-1.11704,-417.3427835
20100530,2.31354,-415.0292435
20100531,-0.0587965,-415.08804
20100601,-0.485094,-415.573134
20100602,0.355099,-415.218035
20100603,0.474335,-414.7437
20100604,1.09208,-413.65162
20100605,-0.210029,-413.861649
20100606,0.639313,-413.222336
20100607,0.602147,-412.620189
20100608,0.689759,-411.93043
20100609,-0.66555,-412.59598
20100610,0.141918,-412.454062
20100611,-0.11473,-412.568792
20100612,0.910839,-411.657953
20100613,0.745484,-410.912469
20100614,0.404039,-410.50843
20100615,-0.081819,-410.590249
20100616,0.156769,-410.43348
20100617,0.145149,-410.288331
20100618,-0.153805,-410.442136
20100619,0.461289,-409.980847
20100620,0.623765,-409.357082
20100621,0.462856,-408.894226
20100622,0.628042,-408.266184
20100623,0.446805,-407.819379
20100624,-0.111836,-407.931215
20100625,0.687695,-407.24352
20100626,1.11136,-406.13216
20100627,0.521921,-405.610239
20100628,0.789766,-404.820473
20100629,-0.158229,-404.978702
20100630,0.264267,-404.714435
20100701,0.857957,-403.856478
20100702,1.33353,-402.522948
20100703,0.0550833,-402.4678647
20100704,0.885799,-401.5820657
20100705,0.785134,-400.7969317
20100706,1.6128,-399.1841317
20100707,2.89943,-396.2847017
20100708,2.36579,-393.9189117
20100709,1.33395,-392.5849617
20100710,2.27459,-390.3103717
20100711,2.21931,-388.0910617
20100712,1.35783,-386.7332317
20100713,2.18566,-384.5475717
20100714,2.45627,-382.0913017
20100715,1.62775,-380.4635517
20100716,1.56762,-378.8959317
20100717,1.71987,-377.1760617
20100718,1.8391,-375.3369617
20100719,0.895012,-374.4419497
20100720,1.31553,-373.1264197
20100721,1.08508,-372.0413397
20100722,0.83113,-371.2102097
20100723,0.303474,-370.9067357
20100724,0.165622,-370.7411137
20100725,0.390828,-370.3502857
20100726,0.23385,-370.1164357
20100727,0.0290924,-370.0873433
20100728,0.523394,-369.5639493
20100729,0.455788,-369.1081613
20100730,1.18478,-367.9233813
20100731,0.766374,-367.1570073
20100801,0.746247,-366.4107603
20100802,1.24862,-365.1621403
20100803,1.54914,-363.6130003
20100804,1.77068,-361.8423203
20100805,1.71189,-360.1304303
20100806,1.61149,-358.5189403
20100807,2.02251,-356.4964303
20100808,1.74231,-354.7541203
20100809,1.64818,-353.1059403
20100810,2.97329,-350.1326503
20100811,3.71951,-346.4131403
20100812,3.65972,-342.7534203
20100813,2.90861,-339.8448103
20100814,2.33402,-337.5107903
20100815,2.70765,-334.8031403
20100816,1.52967,-333.2734703
20100817,1.24777,-332.0257003
20100818,2.33187,-329.6938303
20100819,1.32316,-328.3706703
20100820,1.47881,-326.8918603
20100821,1.73624,-325.1556203
20100822,1.33458,-323.8210403
20100823,0.768177,-323.0528633
20100824,1.01148,-322.0413833
20100825,1.44619,-320.5951933
20100826,1.54445,-319.0507433
20100827,0.724737,-318.3260063
20100828,0.900636,-317.4253703
20100829,0.730268,-316.6951023
20100830,0.469652,-316.2254503
20100831,0.862521,-315.3629293
20100901,0.878785,-314.4841443
20100902,0.809873,-313.6742713
20100903,0.551898,-313.1223733
20100904,0.519857,-312.6025163
20100905,0.446139,-312.1563773
20100906,0.327899,-311.8284783
20100907,0.638333,-311.1901453
20100908,0.95692,-310.2332253
20100909,0.293707,-309.9395183
20100910,0.463119,-309.4763993
20100911,0.608799,-308.8676003
20100912,0.231479,-308.6361213
20100913,0.0746379,-308.5614834
20100914,0.629095,-307.9323884
20100915,0.812492,-307.1198964
20100916,0.311195,-306.8087014
20100917,0.498027,-306.3106744
20100918,0.338794,-305.9718804
20100919,0.191673,-305.7802074
20100920,0.42951,-305.3506974
20100921,0.563697,-304.7870004
20100922,0.569733,-304.2172674
20100923,0.521757,-303.6955104
20100924,0.799037,-302.8964734
20100925,0.378429,-302.5180444
20100926,0.67574,-301.8423044
20100927,0.476751,-301.3655534
20100928,0.576388,-300.7891654
20100929,0.265332,-300.5238334
20100930,0.3434,-300.1804334
20101001,0.424345,-299.7560884
20101002,0.173311,-299.5827774
20101003,0.094273,-299.4885044
20101004,0.483843,-299.0046614
20101005,0.386568,-298.6180934
20101006,0.683389,-297.9347044
20101007,0.607803,-297.3269014
20101008,0.377034,-296.9498674
20101009,0.515159,-296.4347084
20101010,1.02609,-295.4086184
20101011,0.776993,-294.6316254
20101012,0.578826,-294.0527994
20101013,0.555727,-293.4970724
20101014,0.563948,-292.9331244
20101015,-0.0789099,-293.0120343
20101016,0.135943,-292.8760913
20101017,0.403095,-292.4729963
20101018,0.0506232,-292.4223731
20101019,0.050249,-292.3721241
20101020,1.68233,-290.6897941
20101021,1.0911,-289.5986941
20101022,0.887133,-288.7115611
20101023,0.631101,-288.0804601
20101024,0.58218,-287.4982801
20101025,1.06531,-286.4329701
20101026,0.239078,-286.1938921
20101027,0.455554,-285.7383381
20101028,1.18444,-284.5538981
20101029,0.520462,-284.0334361
20101030,0.5605,-283.4729361
20101031,0.770283,-282.7026531
20101101,3.10483,-279.5978231
20101102,2.62742,-276.9704031
20101103,3.41496,-273.5554431
20101104,2.46222,-271.0932231
20101105,1.56867,-269.5245531
20101106,1.54577,-267.9787831
20101107,1.74744,-266.2313431
20101108,-0.370633,-266.6019761
20101109,2.38237,-264.2196061
20101110,2.07824,-262.1413661
20101111,-1.81804,-263.9594061
20101112,-0.999533,-264.9589391
20101113,-1.63796,-266.5968991
20101114,1.38013,-265.2167691
20101115,-2.13811,-267.3548791
20101116,-2.29311,-269.6479891
20101117,2.40959,-267.2383991
20101118,-1.33552,-268.5739191
20101119,-1.45446,-270.0283791
20101120,-4.05203,-274.0804091
20101121,-4.2647,-278.3451091
20101122,-3.3474,-281.6925091
20101123,-2.77663,-284.4691391
20101124,0.400818,-284.0683211
20101125,-3.30937,-287.3776911
20101126,-3.43705,-290.8147411
20101127,-1.63942,-292.4541611
20101128,-0.730126,-293.1842871
20101129,2.86387,-290.3204171
20101130,-3.53392,-293.8543371
20101201,-2.804,-296.6583371
20101202,-0.963536,-297.6218731
20101203,0.167108,-297.4547651
20101204,-0.973365,-298.4281301
20101205,0.712988,-297.7151421
20101206,1.54345,-296.1716921
20101207,-0.974005,-297.1456971
20101208,-2.36487,-299.5105671
20101209,-3.30252,-302.8130871
20101210,-3.37684,-306.1899271
20101211,-2.91584,-309.1057671
20101212,-1.47007,-310.5758371
20101213,-2.62566,-313.2014971
20101214,-1.9662,-315.1676971
20101215,-0.843095,-316.0107921
20101216,-1.11942,-317.1302121
20101217,-2.95054,-320.0807521
20101218,0.496257,-319.5844951
20101219,0.978725,-318.6057701
20101220,-4.75079,-323.3565601
20101221,-3.75273,-327.1092901
20101222,-4.25695,-331.3662401
20101223,-2.55822,-333.9244601
20101224,-1.11854,-335.0430001
20101225,-0.794605,-335.8376051
20101226,-1.78808,-337.6256851
20101227,-2.48646,-340.1121451
20101228,-3.46134,-343.5734851
20101229,-3.82084,-347.3943251
20101230,-2.4182,-349.8125251